{
  "a": 0.11544,
  "b": 0.02744,
  "c": 0.01273,
  "ç": 0.01209,
  "d": 0.04598,
  "e": 0.08894,
  "f": 0.00445,
  "g": 0.01247,
  "ğ": 0.00905,
  "h": 0.012,
  "ı": 0.05103,
  "i": 0.08404,
  "j": 0.00034,
  "k": 0.04809,
  "l": 0.05897,
  "m": 0.03654,
  "n": 0.07263,
  "o": 0.02466,
  "ö": 0.008,
  "p": 0.00718,
  "r": 0.06734,
  "s": 0.02989,
  "ş": 0.01804,
  "t": 0.03096,
  "u": 0.03293,
  "ü": 0.01917,
  "v": 0.01008,
  "y": 0.03432,
  "z": 0.01482
}
